[
  {
    "url": "https://api.github.com/repos/hadley/r4ds/issues/11",
    "labels_url": "https://api.github.com/repos/hadley/r4ds/issues/11/labels{/name}",
    "comments_url": "https://api.github.com/repos/hadley/r4ds/issues/11/comments",
    "events_url": "https://api.github.com/repos/hadley/r4ds/issues/11/events",
    "html_url": "https://github.com/hadley/r4ds/pull/11",
    "id": 117521642,
    "number": 11,
    "title": "Typo correction in file expressing-yourself.Rmd",
    "user": {
      "login": "shoili",
      "id": 8914139,
      "avatar_url": "https://avatars.githubusercontent.com/u/8914139?v=3",
      "gravatar_id": "",
      "url": "https://api.github.com/users/shoili",
      "html_url": "https://github.com/shoili",
      "followers_url": "https://api.github.com/users/shoili/followers",
      "following_url": "https://api.github.com/users/shoili/following{/other_user}",
      "gists_url": "https://api.github.com/users/shoili/gists{/gist_id}",
      "starred_url": "https://api.github.com/users/shoili/starred{/owner}{/repo}",
      "subscriptions_url": "https://api.github.com/users/shoili/subscriptions",
      "organizations_url": "https://api.github.com/users/shoili/orgs",
      "repos_url": "https://api.github.com/users/shoili/repos",
      "events_url": "https://api.github.com/users/shoili/events{/privacy}",
      "received_events_url": "https://api.github.com/users/shoili/received_events",
      "type": "User",
      "site_admin": false
    },
    "labels": [

    ],
    "state": "open",
    "locked": false,
    "assignee": null,
    "milestone": null,
    "comments": 0,
    "created_at": "2015-11-18T06:26:09Z",
    "updated_at": "2015-11-18T06:26:09Z",
    "closed_at": null,
    "pull_request": {
      "url": "https://api.github.com/repos/hadley/r4ds/pulls/11",
      "html_url": "https://github.com/hadley/r4ds/pull/11",
      "diff_url": "https://github.com/hadley/r4ds/pull/11.diff",
      "patch_url": "https://github.com/hadley/r4ds/pull/11.patch"
    },
    "body": "The discussion of the code in lines 236-243 was a little confusing with x and y so I proposed changing it to a and b. Not sure if that was just an error that crept in while rewriting and fiddling around with the sentence or a conscious decision from you.\r\nJust corrected a couple of obvious typos apart from that. "
  },
  {
    "url": "https://api.github.com/repos/hadley/r4ds/issues/7",
    "labels_url": "https://api.github.com/repos/hadley/r4ds/issues/7/labels{/name}",
    "comments_url": "https://api.github.com/repos/hadley/r4ds/issues/7/comments",
    "events_url": "https://api.github.com/repos/hadley/r4ds/issues/7/events",
    "html_url": "https://github.com/hadley/r4ds/pull/7",
    "id": 110795521,
    "number": 7,
    "title": "howver -> however",
    "user": {
      "login": "benmarwick",
      "id": 1262179,
      "avatar_url": "https://avatars.githubusercontent.com/u/1262179?v=3",
      "gravatar_id": "",
      "url": "https://api.github.com/users/benmarwick",
      "html_url": "https://github.com/benmarwick",
      "followers_url": "https://api.github.com/users/benmarwick/followers",
      "following_url": "https://api.github.com/users/benmarwick/following{/other_user}",
      "gists_url": "https://api.github.com/users/benmarwick/gists{/gist_id}",
      "starred_url": "https://api.github.com/users/benmarwick/starred{/owner}{/repo}",
      "subscriptions_url": "https://api.github.com/users/benmarwick/subscriptions",
      "organizations_url": "https://api.github.com/users/benmarwick/orgs",
      "repos_url": "https://api.github.com/users/benmarwick/repos",
      "events_url": "https://api.github.com/users/benmarwick/events{/privacy}",
      "received_events_url": "https://api.github.com/users/benmarwick/received_events",
      "type": "User",
      "site_admin": false
    },
    "labels": [

    ],
    "state": "open",
    "locked": false,
    "assignee": null,
    "milestone": null,
    "comments": 0,
    "created_at": "2015-10-10T13:46:39Z",
    "updated_at": "2015-10-10T13:46:39Z",
    "closed_at": null,
    "pull_request": {
      "url": "https://api.github.com/repos/hadley/r4ds/pulls/7",
      "html_url": "https://github.com/hadley/r4ds/pull/7",
      "diff_url": "https://github.com/hadley/r4ds/pull/7.diff",
      "patch_url": "https://github.com/hadley/r4ds/pull/7.patch"
    },
    "body": "Thanks for making this open access. I look forward to seeing the rest of the chapters!"
  },
  {
    "url": "https://api.github.com/repos/hadley/r4ds/issues/6",
    "labels_url": "https://api.github.com/repos/hadley/r4ds/issues/6/labels{/name}",
    "comments_url": "https://api.github.com/repos/hadley/r4ds/issues/6/comments",
    "events_url": "https://api.github.com/repos/hadley/r4ds/issues/6/events",
    "html_url": "https://github.com/hadley/r4ds/pull/6",
    "id": 109680972,
    "number": 6,
    "title": "typos, wording for import.Rmd",
    "user": {
      "login": "datalove",
      "id": 222907,
      "avatar_url": "https://avatars.githubusercontent.com/u/222907?v=3",
      "gravatar_id": "",
      "url": "https://api.github.com/users/datalove",
      "html_url": "https://github.com/datalove",
      "followers_url": "https://api.github.com/users/datalove/followers",
      "following_url": "https://api.github.com/users/datalove/following{/other_user}",
      "gists_url": "https://api.github.com/users/datalove/gists{/gist_id}",
      "starred_url": "https://api.github.com/users/datalove/starred{/owner}{/repo}",
      "subscriptions_url": "https://api.github.com/users/datalove/subscriptions",
      "organizations_url": "https://api.github.com/users/datalove/orgs",
      "repos_url": "https://api.github.com/users/datalove/repos",
      "events_url": "https://api.github.com/users/datalove/events{/privacy}",
      "received_events_url": "https://api.github.com/users/datalove/received_events",
      "type": "User",
      "site_admin": false
    },
    "labels": [

    ],
    "state": "open",
    "locked": false,
    "assignee": null,
    "milestone": null,
    "comments": 0,
    "created_at": "2015-10-04T13:23:06Z",
    "updated_at": "2015-10-04T13:43:31Z",
    "closed_at": null,
    "pull_request": {
      "url": "https://api.github.com/repos/hadley/r4ds/pulls/6",
      "html_url": "https://github.com/hadley/r4ds/pull/6",
      "diff_url": "https://github.com/hadley/r4ds/pull/6.diff",
      "patch_url": "https://github.com/hadley/r4ds/pull/6.patch"
    },
    "body": "Hi Hadley, I made a few changes here, fixing some typos that I found. I've also proposed a few minor changes where I thought the wording could be improved for clarity."
  },
  {
    "url": "https://api.github.com/repos/hadley/r4ds/issues/5",
    "labels_url": "https://api.github.com/repos/hadley/r4ds/issues/5/labels{/name}",
    "comments_url": "https://api.github.com/repos/hadley/r4ds/issues/5/comments",
    "events_url": "https://api.github.com/repos/hadley/r4ds/issues/5/events",
    "html_url": "https://github.com/hadley/r4ds/issues/5",
    "id": 107925580,
    "number": 5,
    "title": "Do we also need \"export\" chapter?",
    "user": {
      "login": "hadley",
      "id": 4196,
      "avatar_url": "https://avatars.githubusercontent.com/u/4196?v=3",
      "gravatar_id": "",
      "url": "https://api.github.com/users/hadley",
      "html_url": "https://github.com/hadley",
      "followers_url": "https://api.github.com/users/hadley/followers",
      "following_url": "https://api.github.com/users/hadley/following{/other_user}",
      "gists_url": "https://api.github.com/users/hadley/gists{/gist_id}",
      "starred_url": "https://api.github.com/users/hadley/starred{/owner}{/repo}",
      "subscriptions_url": "https://api.github.com/users/hadley/subscriptions",
      "organizations_url": "https://api.github.com/users/hadley/orgs",
      "repos_url": "https://api.github.com/users/hadley/repos",
      "events_url": "https://api.github.com/users/hadley/events{/privacy}",
      "received_events_url": "https://api.github.com/users/hadley/received_events",
      "type": "User",
      "site_admin": false
    },
    "labels": [

    ],
    "state": "open",
    "locked": false,
    "assignee": null,
    "milestone": null,
    "comments": 1,
    "created_at": "2015-09-23T13:57:33Z",
    "updated_at": "2015-09-23T14:23:32Z",
    "closed_at": null,
    "body": "Rmarkdown and shiny chapters will talk about communicating with other humans, but it's probably worthwhile to think about what a chapter about communicating with other programs might look like.  By parallel to the import section, it might contain:\r\n\r\n* saving csv files\r\n* loading data into a database\r\n* exporting to excel, spss, sas, etc.\r\n* uploading data to a web api\r\n\r\n(To be comprehensive, it would probably need a decent amount of software engineering, since, e.g., readxl currently doesn't do exports)"
  },
  {
    "url": "https://api.github.com/repos/hadley/r4ds/issues/4",
    "labels_url": "https://api.github.com/repos/hadley/r4ds/issues/4/labels{/name}",
    "comments_url": "https://api.github.com/repos/hadley/r4ds/issues/4/comments",
    "events_url": "https://api.github.com/repos/hadley/r4ds/issues/4/events",
    "html_url": "https://github.com/hadley/r4ds/issues/4",
    "id": 107506216,
    "number": 4,
    "title": "Make r4ds package",
    "user": {
      "login": "hadley",
      "id": 4196,
      "avatar_url": "https://avatars.githubusercontent.com/u/4196?v=3",
      "gravatar_id": "",
      "url": "https://api.github.com/users/hadley",
      "html_url": "https://github.com/hadley",
      "followers_url": "https://api.github.com/users/hadley/followers",
      "following_url": "https://api.github.com/users/hadley/following{/other_user}",
      "gists_url": "https://api.github.com/users/hadley/gists{/gist_id}",
      "starred_url": "https://api.github.com/users/hadley/starred{/owner}{/repo}",
      "subscriptions_url": "https://api.github.com/users/hadley/subscriptions",
      "organizations_url": "https://api.github.com/users/hadley/orgs",
      "repos_url": "https://api.github.com/users/hadley/repos",
      "events_url": "https://api.github.com/users/hadley/events{/privacy}",
      "received_events_url": "https://api.github.com/users/hadley/received_events",
      "type": "User",
      "site_admin": false
    },
    "labels": [

    ],
    "state": "open",
    "locked": false,
    "assignee": null,
    "milestone": null,
    "comments": 0,
    "created_at": "2015-09-21T12:57:44Z",
    "updated_at": "2015-09-21T13:45:31Z",
    "closed_at": null,
    "body": "To store any datasets, and to make it easier for people to get all the packages they need."
  },
  {
    "url": "https://api.github.com/repos/hadley/r4ds/issues/3",
    "labels_url": "https://api.github.com/repos/hadley/r4ds/issues/3/labels{/name}",
    "comments_url": "https://api.github.com/repos/hadley/r4ds/issues/3/comments",
    "events_url": "https://api.github.com/repos/hadley/r4ds/issues/3/events",
    "html_url": "https://github.com/hadley/r4ds/issues/3",
    "id": 99430051,
    "number": 3,
    "title": "Set up new make based build system",
    "user": {
      "login": "hadley",
      "id": 4196,
      "avatar_url": "https://avatars.githubusercontent.com/u/4196?v=3",
      "gravatar_id": "",
      "url": "https://api.github.com/users/hadley",
      "html_url": "https://github.com/hadley",
      "followers_url": "https://api.github.com/users/hadley/followers",
      "following_url": "https://api.github.com/users/hadley/following{/other_user}",
      "gists_url": "https://api.github.com/users/hadley/gists{/gist_id}",
      "starred_url": "https://api.github.com/users/hadley/starred{/owner}{/repo}",
      "subscriptions_url": "https://api.github.com/users/hadley/subscriptions",
      "organizations_url": "https://api.github.com/users/hadley/orgs",
      "repos_url": "https://api.github.com/users/hadley/repos",
      "events_url": "https://api.github.com/users/hadley/events{/privacy}",
      "received_events_url": "https://api.github.com/users/hadley/received_events",
      "type": "User",
      "site_admin": false
    },
    "labels": [

    ],
    "state": "open",
    "locked": false,
    "assignee": null,
    "milestone": null,
    "comments": 0,
    "created_at": "2015-08-06T13:07:08Z",
    "updated_at": "2015-08-06T13:07:46Z",
    "closed_at": null,
    "body": "* Use knitr to turn Rmd in to md\r\n* Use pandoc to turn md in html (with minor templating)\r\n* Use make to do minimal re-computation\r\n* Set up so travis can use cache"
  },
  {
    "url": "https://api.github.com/repos/hadley/r4ds/issues/2",
    "labels_url": "https://api.github.com/repos/hadley/r4ds/issues/2/labels{/name}",
    "comments_url": "https://api.github.com/repos/hadley/r4ds/issues/2/comments",
    "events_url": "https://api.github.com/repos/hadley/r4ds/issues/2/events",
    "html_url": "https://github.com/hadley/r4ds/issues/2",
    "id": 99430007,
    "number": 2,
    "title": "Consider using custom font for text display",
    "user": {
      "login": "hadley",
      "id": 4196,
      "avatar_url": "https://avatars.githubusercontent.com/u/4196?v=3",
      "gravatar_id": "",
      "url": "https://api.github.com/users/hadley",
      "html_url": "https://github.com/hadley",
      "followers_url": "https://api.github.com/users/hadley/followers",
      "following_url": "https://api.github.com/users/hadley/following{/other_user}",
      "gists_url": "https://api.github.com/users/hadley/gists{/gist_id}",
      "starred_url": "https://api.github.com/users/hadley/starred{/owner}{/repo}",
      "subscriptions_url": "https://api.github.com/users/hadley/subscriptions",
      "organizations_url": "https://api.github.com/users/hadley/orgs",
      "repos_url": "https://api.github.com/users/hadley/repos",
      "events_url": "https://api.github.com/users/hadley/events{/privacy}",
      "received_events_url": "https://api.github.com/users/hadley/received_events",
      "type": "User",
      "site_admin": false
    },
    "labels": [

    ],
    "state": "open",
    "locked": false,
    "assignee": null,
    "milestone": null,
    "comments": 1,
    "created_at": "2015-08-06T13:06:55Z",
    "updated_at": "2015-08-06T13:20:28Z",
    "closed_at": null,
    "body": "e.g. http://www.typography.com/fonts/archer/styles/archer1basic"
  },
  {
    "url": "https://api.github.com/repos/hadley/r4ds/issues/1",
    "labels_url": "https://api.github.com/repos/hadley/r4ds/issues/1/labels{/name}",
    "comments_url": "https://api.github.com/repos/hadley/r4ds/issues/1/comments",
    "events_url": "https://api.github.com/repos/hadley/r4ds/issues/1/events",
    "html_url": "https://github.com/hadley/r4ds/issues/1",
    "id": 99429843,
    "number": 1,
    "title": "Use flowtype.js for nicer typography",
    "user": {
      "login": "hadley",
      "id": 4196,
      "avatar_url": "https://avatars.githubusercontent.com/u/4196?v=3",
      "gravatar_id": "",
      "url": "https://api.github.com/users/hadley",
      "html_url": "https://github.com/hadley",
      "followers_url": "https://api.github.com/users/hadley/followers",
      "following_url": "https://api.github.com/users/hadley/following{/other_user}",
      "gists_url": "https://api.github.com/users/hadley/gists{/gist_id}",
      "starred_url": "https://api.github.com/users/hadley/starred{/owner}{/repo}",
      "subscriptions_url": "https://api.github.com/users/hadley/subscriptions",
      "organizations_url": "https://api.github.com/users/hadley/orgs",
      "repos_url": "https://api.github.com/users/hadley/repos",
      "events_url": "https://api.github.com/users/hadley/events{/privacy}",
      "received_events_url": "https://api.github.com/users/hadley/received_events",
      "type": "User",
      "site_admin": false
    },
    "labels": [

    ],
    "state": "open",
    "locked": false,
    "assignee": null,
    "milestone": null,
    "comments": 1,
    "created_at": "2015-08-06T13:05:44Z",
    "updated_at": "2015-08-06T13:22:48Z",
    "closed_at": null,
    "body": "http://simplefocus.com/flowtype/"
  }
]
